{"assets/banner.jpg":["assets/banner.jpg"],"assets/biokaveh.png":["assets/biokaveh.png"],"assets/drawer_big_phone.jpg":["assets/drawer_big_phone.jpg"],"assets/drawer_small_phone.jpg":["assets/drawer_small_phone.jpg"],"assets/fonts/Nasalization.otf":["assets/fonts/Nasalization.otf"],"assets/icons/admin.svg":["assets/icons/admin.svg"],"assets/icons/device.svg":["assets/icons/device.svg"],"assets/icons/key.svg":["assets/icons/key.svg"],"assets/icons/logouzita_maskable.png":["assets/icons/logouzita_maskable.png"],"assets/icons/office.svg":["assets/icons/office.svg"],"assets/icons/person.svg":["assets/icons/person.svg"],"assets/icons/phone-plus.svg":["assets/icons/phone-plus.svg"],"assets/icons/report.svg":["assets/icons/report.svg"],"assets/icons/setting.svg":["assets/icons/setting.svg"],"assets/icons/user.svg":["assets/icons/user.svg"],"assets/icons/users.svg":["assets/icons/users.svg"],"assets/logouzita.png":["assets/logouzita.png"],"packages/cupertino_icons/assets/CupertinoIcons.ttf":["packages/cupertino_icons/assets/CupertinoIcons.ttf"]}